sample	unit	library	platform	flowcell	lane	sample_id	barcode	fq1	fq2	kb1	kb2
RT-127	1	lib1	DNBSEQ	V350217419	L04	RT-127	RT-127_V350217419_L04	pelobates_genomes/RT-127/V350217419_L04_B5GPELdwifRAALA-590_1.fq.gz	pelobates_genomes/RT-127/V350217419_L04_B5GPELdwifRAALA-590_2.fq.gz	5313273.084	5339954.421
RT-138	1	lib1	DNBSEQ	V350224466	L03	RT-138	RT-138_V350224466_L03	pelobates_genomes/RT-138/V350224466_L03_B5GPELdwifRABMA-523_1.fq.gz	pelobates_genomes/RT-138/V350224466_L03_B5GPELdwifRABMA-523_2.fq.gz	2660593.865	2722536.609
RT-138	2	lib1	DNBSEQ	V350224466	L04	RT-138	RT-138_V350224466_L04	pelobates_genomes/RT-138/V350224466_L04_B5GPELdwifRABMA-523_1.fq.gz	pelobates_genomes/RT-138/V350224466_L04_B5GPELdwifRABMA-523_2.fq.gz	2706715.673	2762407.952
RT-139	1	lib1	DNBSEQ	V350217419	L04	RT-139	RT-139_V350217419_L04	pelobates_genomes/RT-139/V350217419_L04_B5GPELdwifRAAMA-591_1.fq.gz	pelobates_genomes/RT-139/V350217419_L04_B5GPELdwifRAAMA-591_2.fq.gz	4723953.484	4621339.511
RT-140	1	lib1	DNBSEQ	V350217036	L04	RT-140	RT-140_V350217036_L04	pelobates_genomes/RT-140/V350217036_L04_B5GPELdwifRAAIA-587_1.fq.gz	pelobates_genomes/RT-140/V350217036_L04_B5GPELdwifRAAIA-587_2.fq.gz	5261607.871	5246461.205
RT-158	1	lib3	DNBSEQ	V350358288	L03	RT-158	RT-158_V350358288_L03	pelobates_genomes/RT-158/V350358288_L03_B5GPELpqkuRAAUA-8248_1.fq.gz	pelobates_genomes/RT-158/V350358288_L03_B5GPELpqkuRAAUA-8248_2.fq.gz	2607897.617	2562515.967
RT-158	2	lib3	DNBSEQ	V350358288	L04	RT-158	RT-158_V350358288_L04	pelobates_genomes/RT-158/V350358288_L04_B5GPELpqkuRAAUA-8248_1.fq.gz	pelobates_genomes/RT-158/V350358288_L04_B5GPELpqkuRAAUA-8248_2.fq.gz	2620779.61	2556381.481
RT-166	1	lib1	DNBSEQ	V350224566	L03	RT-166	RT-166_V350224566_L03	pelobates_genomes/RT-166/V350224566_L03_B5GPELdwifRAAVA-506_1.fq.gz	pelobates_genomes/RT-166/V350224566_L03_B5GPELdwifRAAVA-506_2.fq.gz	2538441.393	2576729.293
RT-166	2	lib1	DNBSEQ	V350224566	L04	RT-166	RT-166_V350224566_L04	pelobates_genomes/RT-166/V350224566_L04_B5GPELdwifRAAVA-506_1.fq.gz	pelobates_genomes/RT-166/V350224566_L04_B5GPELdwifRAAVA-506_2.fq.gz	2480382.178	2516785.303
RT-169	1	lib2	DNBSEQ	V350331306	L01	RT-169	RT-169_V350331306_L01	pelobates_genomes/RT-169/V350331306_L01_B5GPELpgvhRAAUA-8293_1.fq.gz	pelobates_genomes/RT-169/V350331306_L01_B5GPELpgvhRAAUA-8293_2.fq.gz	2662647.378	2663637.739
RT-169	2	lib2	DNBSEQ	V350331306	L02	RT-169	RT-169_V350331306_L02	pelobates_genomes/RT-169/V350331306_L02_B5GPELpgvhRAAUA-8293_1.fq.gz	pelobates_genomes/RT-169/V350331306_L02_B5GPELpgvhRAAUA-8293_2.fq.gz	2638173.235	2602695.466
RT-184	1	lib1	DNBSEQ	V350224566	L03	RT-184	RT-184_V350224566_L03	pelobates_genomes/RT-184/V350224566_L03_B5GPELdwifRAAWA-507_1.fq.gz	pelobates_genomes/RT-184/V350224566_L03_B5GPELdwifRAAWA-507_2.fq.gz	2617783.879	2667938.146
RT-184	2	lib1	DNBSEQ	V350224566	L04	RT-184	RT-184_V350224566_L04	pelobates_genomes/RT-184/V350224566_L04_B5GPELdwifRAAWA-507_1.fq.gz	pelobates_genomes/RT-184/V350224566_L04_B5GPELdwifRAAWA-507_2.fq.gz	2594441.104	2641376.112
RT-19	1	lib1	DNBSEQ	V350224566	L03	RT-19	RT-19_V350224566_L03	pelobates_genomes/RT-19/V350224566_L03_B5GPELdwifRAAXA-508_1.fq.gz	pelobates_genomes/RT-19/V350224566_L03_B5GPELdwifRAAXA-508_2.fq.gz	2591221.001	2626218.731
RT-19	2	lib1	DNBSEQ	V350224566	L04	RT-19	RT-19_V350224566_L04	pelobates_genomes/RT-19/V350224566_L04_B5GPELdwifRAAXA-508_1.fq.gz	pelobates_genomes/RT-19/V350224566_L04_B5GPELdwifRAAXA-508_2.fq.gz	2588588.002	2623386.3
RT-190	1	lib1	DNBSEQ	V350217036	L04	RT-190	RT-190_V350217036_L04	pelobates_genomes/RT-190/V350217036_L04_B5GPELdwifRAAGA-585_1.fq.gz	pelobates_genomes/RT-190/V350217036_L04_B5GPELdwifRAAGA-585_2.fq.gz	5331267.812	5316193.962
RT-191	1	lib1	DNBSEQ	V350217036	L04	RT-191	RT-191_V350217036_L04	pelobates_genomes/RT-191/V350217036_L04_B5GPELdwifRAAHA-586_1.fq.gz	pelobates_genomes/RT-191/V350217036_L04_B5GPELdwifRAAHA-586_2.fq.gz	5311109.894	5239377.989
RT-192	1	lib1	DNBSEQ	V350224466	L03	RT-192	RT-192_V350224466_L03	pelobates_genomes/RT-192/V350224466_L03_B5GPELdwifRABPA-526_1.fq.gz	pelobates_genomes/RT-192/V350224466_L03_B5GPELdwifRABPA-526_2.fq.gz	2658511.728	2697123.582
RT-192	2	lib1	DNBSEQ	V350224466	L04	RT-192	RT-192_V350224466_L04	pelobates_genomes/RT-192/V350224466_L04_B5GPELdwifRABPA-526_1.fq.gz	pelobates_genomes/RT-192/V350224466_L04_B5GPELdwifRABPA-526_2.fq.gz	2680121.515	2716093.079
RT-195	1	lib3	DNBSEQ	V350358288	L03	RT-195	RT-195_V350358288_L03	pelobates_genomes/RT-195/V350358288_L03_B5GPELpqkuRAAJA-8234_1.fq.gz	pelobates_genomes/RT-195/V350358288_L03_B5GPELpqkuRAAJA-8234_2.fq.gz	2714589.737	2747638.898
RT-195	2	lib3	DNBSEQ	V350358288	L04	RT-195	RT-195_V350358288_L04	pelobates_genomes/RT-195/V350358288_L04_B5GPELpqkuRAAJA-8234_1.fq.gz	pelobates_genomes/RT-195/V350358288_L04_B5GPELpqkuRAAJA-8234_2.fq.gz	2673259.006	2686067.539
RT-221	1	lib1	DNBSEQ	V350224466	L03	RT-221	RT-221_V350224466_L03	pelobates_genomes/RT-221/V350224466_L03_B5GPELdwifRABQA-527_1.fq.gz	pelobates_genomes/RT-221/V350224466_L03_B5GPELdwifRABQA-527_2.fq.gz	2667057.019	2724258.252
RT-221	2	lib1	DNBSEQ	V350224466	L04	RT-221	RT-221_V350224466_L04	pelobates_genomes/RT-221/V350224466_L04_B5GPELdwifRABQA-527_1.fq.gz	pelobates_genomes/RT-221/V350224466_L04_B5GPELdwifRABQA-527_2.fq.gz	2690115.645	2742737.286
RT-225	1	lib1	DNBSEQ	V350224566	L03	RT-225	RT-225_V350224566_L03	pelobates_genomes/RT-225/V350224566_L03_B5GPELdwifRAAYA-509_1.fq.gz	pelobates_genomes/RT-225/V350224566_L03_B5GPELdwifRAAYA-509_2.fq.gz	2568428.704	2599114.077
RT-225	2	lib1	DNBSEQ	V350224566	L04	RT-225	RT-225_V350224566_L04	pelobates_genomes/RT-225/V350224566_L04_B5GPELdwifRAAYA-509_1.fq.gz	pelobates_genomes/RT-225/V350224566_L04_B5GPELdwifRAAYA-509_2.fq.gz	2626291.632	2654553.114
RT-227	1	lib1	DNBSEQ	V350224566	L03	RT-227	RT-227_V350224566_L03	pelobates_genomes/RT-227/V350224566_L03_B5GPELdwifRABAA-511_1.fq.gz	pelobates_genomes/RT-227/V350224566_L03_B5GPELdwifRABAA-511_2.fq.gz	2542162.928	2566696.906
RT-227	2	lib1	DNBSEQ	V350224566	L04	RT-227	RT-227_V350224566_L04	pelobates_genomes/RT-227/V350224566_L04_B5GPELdwifRABAA-511_1.fq.gz	pelobates_genomes/RT-227/V350224566_L04_B5GPELdwifRABAA-511_2.fq.gz	2703310.461	2727147.681
RT-232	1	lib2	DNBSEQ	V350331313	L02	RT-232	RT-232_V350331313_L02	pelobates_genomes/RT-232/V350331313_L02_B5GPELpgvhRAANA-8286_1.fq.gz	pelobates_genomes/RT-232/V350331313_L02_B5GPELpgvhRAANA-8286_2.fq.gz	2611263.788	2630994.233
RT-232	2	lib2	DNBSEQ	V350331313	L03	RT-232	RT-232_V350331313_L03	pelobates_genomes/RT-232/V350331313_L03_B5GPELpgvhRAANA-8286_1.fq.gz	pelobates_genomes/RT-232/V350331313_L03_B5GPELpgvhRAANA-8286_2.fq.gz	2593657.783	2619020.945
RT-238	1	lib1	DNBSEQ	V350224466	L03	RT-238	RT-238_V350224466_L03	pelobates_genomes/RT-238/V350224466_L03_B5GPELdwifRABSA-593_1.fq.gz	pelobates_genomes/RT-238/V350224466_L03_B5GPELdwifRABSA-593_2.fq.gz	2008110.644	2035886.895
RT-238	2	lib1	DNBSEQ	V350224466	L04	RT-238	RT-238_V350224466_L04	pelobates_genomes/RT-238/V350224466_L04_B5GPELdwifRABSA-593_1.fq.gz	pelobates_genomes/RT-238/V350224466_L04_B5GPELdwifRABSA-593_2.fq.gz	2004103.398	2033217.88
RT-238	3	lib1	DNBSEQ	V350241530	L04	RT-238	RT-238_V350241530_L04	pelobates_genomes/RT-238/V350241530_L04_B5GPELdwifRABSA-593_1.fq.gz	pelobates_genomes/RT-238/V350241530_L04_B5GPELdwifRABSA-593_2.fq.gz	1274075.56	1282838.389
RT-246	1	lib1	DNBSEQ	V350217036	L04	RT-246	RT-246_V350217036_L04	pelobates_genomes/RT-246/V350217036_L04_B5GPELdwifRAADA-582_1.fq.gz	pelobates_genomes/RT-246/V350217036_L04_B5GPELdwifRAADA-582_2.fq.gz	5327844.018	5305978.989
RT-250	1	lib1	DNBSEQ	V350224466	L03	RT-250	RT-250_V350224466_L03	pelobates_genomes/RT-250/V350224466_L03_B5GPELdwifRABRA-528_1.fq.gz	pelobates_genomes/RT-250/V350224466_L03_B5GPELdwifRABRA-528_2.fq.gz	2669872.426	2705145.745
RT-250	2	lib1	DNBSEQ	V350224466	L04	RT-250	RT-250_V350224466_L04	pelobates_genomes/RT-250/V350224466_L04_B5GPELdwifRABRA-528_1.fq.gz	pelobates_genomes/RT-250/V350224466_L04_B5GPELdwifRABRA-528_2.fq.gz	2690102.709	2719807.008
RT-254	1	lib1	DNBSEQ	V350217419	L04	RT-254	RT-254_V350217419_L04	pelobates_genomes/RT-254/V350217419_L04_B5GPELdwifRAANA-592_1.fq.gz	pelobates_genomes/RT-254/V350217419_L04_B5GPELdwifRAANA-592_2.fq.gz	5310747.824	5319514.222
RT-256	1	lib1	DNBSEQ	V350224566	L03	RT-256	RT-256_V350224566_L03	pelobates_genomes/RT-256/V350224566_L03_B5GPELdwifRAAOA-593_1.fq.gz	pelobates_genomes/RT-256/V350224566_L03_B5GPELdwifRAAOA-593_2.fq.gz	1096874.517	1112842.226
RT-256	2	lib1	DNBSEQ	V350224566	L04	RT-256	RT-256_V350224566_L04	pelobates_genomes/RT-256/V350224566_L04_B5GPELdwifRAAOA-593_1.fq.gz	pelobates_genomes/RT-256/V350224566_L04_B5GPELdwifRAAOA-593_2.fq.gz	1213603.679	1228945.992
RT-256	3	lib1	DNBSEQ	V350241382	L03	RT-256	RT-256_V350241382_L03	pelobates_genomes/RT-256/V350241382_L03_B5GPELdwifRAAOA-593_1.fq.gz	pelobates_genomes/RT-256/V350241382_L03_B5GPELdwifRAAOA-593_2.fq.gz	2960404.489	3030041.232
RT-258	1	lib1	DNBSEQ	V350217419	L04	RT-258	RT-258_V350217419_L04	pelobates_genomes/RT-258/V350217419_L04_B5GPELdwifRAAPA-594_1.fq.gz	pelobates_genomes/RT-258/V350217419_L04_B5GPELdwifRAAPA-594_2.fq.gz	5299265.555	5302414.017
RT-260	1	lib1	DNBSEQ	V350224566	L03	RT-260	RT-260_V350224566_L03	pelobates_genomes/RT-260/V350224566_L03_B5GPELdwifRAAQA-501_1.fq.gz	pelobates_genomes/RT-260/V350224566_L03_B5GPELdwifRAAQA-501_2.fq.gz	2535562.736	2577146.971
RT-260	2	lib1	DNBSEQ	V350224566	L04	RT-260	RT-260_V350224566_L04	pelobates_genomes/RT-260/V350224566_L04_B5GPELdwifRAAQA-501_1.fq.gz	pelobates_genomes/RT-260/V350224566_L04_B5GPELdwifRAAQA-501_2.fq.gz	2679362.255	2720692.186
RT-264	1	lib1	DNBSEQ	V350224566	L03	RT-264	RT-264_V350224566_L03	pelobates_genomes/RT-264/V350224566_L03_B5GPELdwifRAARA-502_1.fq.gz	pelobates_genomes/RT-264/V350224566_L03_B5GPELdwifRAARA-502_2.fq.gz	2604628.212	2637992.603
RT-264	2	lib1	DNBSEQ	V350224566	L04	RT-264	RT-264_V350224566_L04	pelobates_genomes/RT-264/V350224566_L04_B5GPELdwifRAARA-502_1.fq.gz	pelobates_genomes/RT-264/V350224566_L04_B5GPELdwifRAARA-502_2.fq.gz	2614363.995	2647604.975
RT-267	1	lib1	DNBSEQ	V350224466	L03	RT-267	RT-267_V350224466_L03	pelobates_genomes/RT-267/V350224466_L03_B5GPELdwifRABVA-532_1.fq.gz	pelobates_genomes/RT-267/V350224466_L03_B5GPELdwifRABVA-532_2.fq.gz	2407560.305	2437316.117
RT-267	2	lib1	DNBSEQ	V350224466	L04	RT-267	RT-267_V350224466_L04	pelobates_genomes/RT-267/V350224466_L04_B5GPELdwifRABVA-532_1.fq.gz	pelobates_genomes/RT-267/V350224466_L04_B5GPELdwifRABVA-532_2.fq.gz	2421878.328	2453349.246
RT-269	1	lib1	DNBSEQ	V350224566	L03	RT-269	RT-269_V350224566_L03	pelobates_genomes/RT-269/V350224566_L03_B5GPELdwifRABDA-514_1.fq.gz	pelobates_genomes/RT-269/V350224566_L03_B5GPELdwifRABDA-514_2.fq.gz	2569944.958	2553688.59
RT-269	2	lib1	DNBSEQ	V350224566	L04	RT-269	RT-269_V350224566_L04	pelobates_genomes/RT-269/V350224566_L04_B5GPELdwifRABDA-514_1.fq.gz	pelobates_genomes/RT-269/V350224566_L04_B5GPELdwifRABDA-514_2.fq.gz	2711663.576	2690539.843
RT-275	1	lib2	DNBSEQ	V350331306	L03	RT-275	RT-275_V350331306_L03	pelobates_genomes/RT-275/V350331306_L03_B5GPELpgvhRABMA-8316_1.fq.gz	pelobates_genomes/RT-275/V350331306_L03_B5GPELpgvhRABMA-8316_2.fq.gz	2645857.904	2639479.823
RT-275	2	lib2	DNBSEQ	V350331306	L04	RT-275	RT-275_V350331306_L04	pelobates_genomes/RT-275/V350331306_L04_B5GPELpgvhRABMA-8316_1.fq.gz	pelobates_genomes/RT-275/V350331306_L04_B5GPELpgvhRABMA-8316_2.fq.gz	2586781.487	2545376.964
RT-278	1	lib1	DNBSEQ	V350217036	L03	RT-278	RT-278_V350217036_L03	pelobates_genomes/RT-278/V350217036_L03_B5GPELdwifRAAAA-579_1.fq.gz	pelobates_genomes/RT-278/V350217036_L03_B5GPELdwifRAAAA-579_2.fq.gz	5272841.118	5157298.887
RT-279	1	lib1	DNBSEQ	V350217036	L04	RT-279	RT-279_V350217036_L04	pelobates_genomes/RT-279/V350217036_L04_B5GPELdwifRAAEA-583_1.fq.gz	pelobates_genomes/RT-279/V350217036_L04_B5GPELdwifRAAEA-583_2.fq.gz	5337816.935	5364475.533
RT-281	1	lib1	DNBSEQ	V350217036	L04	RT-281	RT-281_V350217036_L04	pelobates_genomes/RT-281/V350217036_L04_B5GPELdwifRAABA-580_1.fq.gz	pelobates_genomes/RT-281/V350217036_L04_B5GPELdwifRAABA-580_2.fq.gz	5239444.385	5161006.436
RT-286	1	lib1	DNBSEQ	V350224566	L03	RT-286	RT-286_V350224566_L03	pelobates_genomes/RT-286/V350224566_L03_B5GPELdwifRAAZA-510_1.fq.gz	pelobates_genomes/RT-286/V350224566_L03_B5GPELdwifRAAZA-510_2.fq.gz	2569059.024	2586431
RT-286	2	lib1	DNBSEQ	V350224566	L04	RT-286	RT-286_V350224566_L04	pelobates_genomes/RT-286/V350224566_L04_B5GPELdwifRAAZA-510_1.fq.gz	pelobates_genomes/RT-286/V350224566_L04_B5GPELdwifRAAZA-510_2.fq.gz	2627249.984	2639755.615
RT-287	1	lib1	DNBSEQ	V350224566	L03	RT-287	RT-287_V350224566_L03	pelobates_genomes/RT-287/V350224566_L03_B5GPELdwifRABBA-512_1.fq.gz	pelobates_genomes/RT-287/V350224566_L03_B5GPELdwifRABBA-512_2.fq.gz	1979682.521	1988808.764
RT-287	2	lib1	DNBSEQ	V350224566	L04	RT-287	RT-287_V350224566_L04	pelobates_genomes/RT-287/V350224566_L04_B5GPELdwifRABBA-512_1.fq.gz	pelobates_genomes/RT-287/V350224566_L04_B5GPELdwifRABBA-512_2.fq.gz	2151150.886	2159573.201
RT-287	3	lib1	DNBSEQ	V350241530	L03	RT-287	RT-287_V350241530_L03	pelobates_genomes/RT-287/V350241530_L03_B5GPELdwifRABBA-512_1.fq.gz	pelobates_genomes/RT-287/V350241530_L03_B5GPELdwifRABBA-512_2.fq.gz	1129558.277	1128535.768
RT-292	1	lib1	DNBSEQ	V350224566	L03	RT-292	RT-292_V350224566_L03	pelobates_genomes/RT-292/V350224566_L03_B5GPELdwifRAASA-503_1.fq.gz	pelobates_genomes/RT-292/V350224566_L03_B5GPELdwifRAASA-503_2.fq.gz	2565998.757	2604183.415
RT-292	2	lib1	DNBSEQ	V350224566	L04	RT-292	RT-292_V350224566_L04	pelobates_genomes/RT-292/V350224566_L04_B5GPELdwifRAASA-503_1.fq.gz	pelobates_genomes/RT-292/V350224566_L04_B5GPELdwifRAASA-503_2.fq.gz	2686224.357	2723088.61
RT-295	1	lib1	DNBSEQ	V350217036	L04	RT-295	RT-295_V350217036_L04	pelobates_genomes/RT-295/V350217036_L04_B5GPELdwifRAAJA-588_1.fq.gz	pelobates_genomes/RT-295/V350217036_L04_B5GPELdwifRAAJA-588_2.fq.gz	5265910.019	5201060.9
RT-297	1	lib1	DNBSEQ	V350224466	L03	RT-297	RT-297_V350224466_L03	pelobates_genomes/RT-297/V350224466_L03_B5GPELdwifRABNA-524_1.fq.gz	pelobates_genomes/RT-297/V350224466_L03_B5GPELdwifRABNA-524_2.fq.gz	2651646.6	2709694.566
RT-297	2	lib1	DNBSEQ	V350224466	L04	RT-297	RT-297_V350224466_L04	pelobates_genomes/RT-297/V350224466_L04_B5GPELdwifRABNA-524_1.fq.gz	pelobates_genomes/RT-297/V350224466_L04_B5GPELdwifRABNA-524_2.fq.gz	2668353.525	2728394.332
RT-298	1	lib1	DNBSEQ	V350224466	L03	RT-298	RT-298_V350224466_L03	pelobates_genomes/RT-298/V350224466_L03_B5GPELdwifRABKA-521_1.fq.gz	pelobates_genomes/RT-298/V350224466_L03_B5GPELdwifRABKA-521_2.fq.gz	2689594.553	2721146.779
RT-298	2	lib1	DNBSEQ	V350224466	L04	RT-298	RT-298_V350224466_L04	pelobates_genomes/RT-298/V350224466_L04_B5GPELdwifRABKA-521_1.fq.gz	pelobates_genomes/RT-298/V350224466_L04_B5GPELdwifRABKA-521_2.fq.gz	2712317.131	2743226.069
RT-304	1	lib1	DNBSEQ	V350224466	L03	RT-304	RT-304_V350224466_L03	pelobates_genomes/RT-304/V350224466_L03_B5GPELdwifRABOA-525_1.fq.gz	pelobates_genomes/RT-304/V350224466_L03_B5GPELdwifRABOA-525_2.fq.gz	2682574.311	2745303.477
RT-304	2	lib1	DNBSEQ	V350224466	L04	RT-304	RT-304_V350224466_L04	pelobates_genomes/RT-304/V350224466_L04_B5GPELdwifRABOA-525_1.fq.gz	pelobates_genomes/RT-304/V350224466_L04_B5GPELdwifRABOA-525_2.fq.gz	2705026.861	2766374.26
RT-306	1	lib1	DNBSEQ	V350224566	L03	RT-306	RT-306_V350224566_L03	pelobates_genomes/RT-306/V350224566_L03_B5GPELdwifRAATA-504_1.fq.gz	pelobates_genomes/RT-306/V350224566_L03_B5GPELdwifRAATA-504_2.fq.gz	2691560.716	2730687.269
RT-306	2	lib1	DNBSEQ	V350224566	L04	RT-306	RT-306_V350224566_L04	pelobates_genomes/RT-306/V350224566_L04_B5GPELdwifRAATA-504_1.fq.gz	pelobates_genomes/RT-306/V350224566_L04_B5GPELdwifRAATA-504_2.fq.gz	2493176.995	2528161.517
RT-309	1	lib1	DNBSEQ	V350224466	L03	RT-309	RT-309_V350224466_L03	pelobates_genomes/RT-309/V350224466_L03_B5GPELdwifRABIA-519_1.fq.gz	pelobates_genomes/RT-309/V350224466_L03_B5GPELdwifRABIA-519_2.fq.gz	2706926.923	2741016.06
RT-309	2	lib1	DNBSEQ	V350224466	L04	RT-309	RT-309_V350224466_L04	pelobates_genomes/RT-309/V350224466_L04_B5GPELdwifRABIA-519_1.fq.gz	pelobates_genomes/RT-309/V350224466_L04_B5GPELdwifRABIA-519_2.fq.gz	2682225.16	2715735.67
RT-310	1	lib1	DNBSEQ	V350224466	L03	RT-310	RT-310_V350224466_L03	pelobates_genomes/RT-310/V350224466_L03_B5GPELdwifRABJA-520_1.fq.gz	pelobates_genomes/RT-310/V350224466_L03_B5GPELdwifRABJA-520_2.fq.gz	2666953.838	2703911.033
RT-310	2	lib1	DNBSEQ	V350224466	L04	RT-310	RT-310_V350224466_L04	pelobates_genomes/RT-310/V350224466_L04_B5GPELdwifRABJA-520_1.fq.gz	pelobates_genomes/RT-310/V350224466_L04_B5GPELdwifRABJA-520_2.fq.gz	2688539.808	2722352.388
RT-312	1	lib1	DNBSEQ	V350217036	L04	RT-312	RT-312_V350217036_L04	pelobates_genomes/RT-312/V350217036_L04_B5GPELdwifRAAKA-589_1.fq.gz	pelobates_genomes/RT-312/V350217036_L04_B5GPELdwifRAAKA-589_2.fq.gz	5281340.939	5230479.758
RT-32	1	lib1	DNBSEQ	V350224466	L03	RT-32	RT-32_V350224466_L03	pelobates_genomes/RT-32/V350224466_L03_B5GPELdwifRABGA-517_1.fq.gz	pelobates_genomes/RT-32/V350224466_L03_B5GPELdwifRABGA-517_2.fq.gz	2687104.571	2732684.321
RT-32	2	lib1	DNBSEQ	V350224466	L04	RT-32	RT-32_V350224466_L04	pelobates_genomes/RT-32/V350224466_L04_B5GPELdwifRABGA-517_1.fq.gz	pelobates_genomes/RT-32/V350224466_L04_B5GPELdwifRABGA-517_2.fq.gz	2685894.331	2732072.456
RT-320	1	lib1	DNBSEQ	V350224466	L03	RT-320	RT-320_V350224466_L03	pelobates_genomes/RT-320/V350224466_L03_B5GPELdwifRABTA-595_1.fq.gz	pelobates_genomes/RT-320/V350224466_L03_B5GPELdwifRABTA-595_2.fq.gz	2676891.887	2706993.082
RT-320	2	lib1	DNBSEQ	V350224466	L04	RT-320	RT-320_V350224466_L04	pelobates_genomes/RT-320/V350224466_L04_B5GPELdwifRABTA-595_1.fq.gz	pelobates_genomes/RT-320/V350224466_L04_B5GPELdwifRABTA-595_2.fq.gz	2674277.898	2699243.787
RT-329	1	lib1	DNBSEQ	V350224466	L03	RT-329	RT-329_V350224466_L03	pelobates_genomes/RT-329/V350224466_L03_B5GPELdwifRABLA-522_1.fq.gz	pelobates_genomes/RT-329/V350224466_L03_B5GPELdwifRABLA-522_2.fq.gz	2704674.832	2768608.937
RT-329	2	lib1	DNBSEQ	V350224466	L04	RT-329	RT-329_V350224466_L04	pelobates_genomes/RT-329/V350224466_L04_B5GPELdwifRABLA-522_1.fq.gz	pelobates_genomes/RT-329/V350224466_L04_B5GPELdwifRABLA-522_2.fq.gz	2705026.677	2768377.027
RT-33	1	lib1	DNBSEQ	V350224466	L03	RT-33	RT-33_V350224466_L03	pelobates_genomes/RT-33/V350224466_L03_B5GPELdwifRABHA-518_1.fq.gz	pelobates_genomes/RT-33/V350224466_L03_B5GPELdwifRABHA-518_2.fq.gz	2711252.461	2748683.427
RT-33	2	lib1	DNBSEQ	V350224466	L04	RT-33	RT-33_V350224466_L04	pelobates_genomes/RT-33/V350224466_L04_B5GPELdwifRABHA-518_1.fq.gz	pelobates_genomes/RT-33/V350224466_L04_B5GPELdwifRABHA-518_2.fq.gz	2711634.562	2746092.432
RT-334	1	lib1	DNBSEQ	V350224566	L03	RT-334	RT-334_V350224566_L03	pelobates_genomes/RT-334/V350224566_L03_B5GPELdwifRAAFA-592_1.fq.gz	pelobates_genomes/RT-334/V350224566_L03_B5GPELdwifRAAFA-592_2.fq.gz	2009086.986	2063258.642
RT-334	2	lib1	DNBSEQ	V350224566	L04	RT-334	RT-334_V350224566_L04	pelobates_genomes/RT-334/V350224566_L04_B5GPELdwifRAAFA-592_1.fq.gz	pelobates_genomes/RT-334/V350224566_L04_B5GPELdwifRAAFA-592_2.fq.gz	2094278.163	2148441.118
RT-334	3	lib1	DNBSEQ	V350241530	L04	RT-334	RT-334_V350241530_L04	pelobates_genomes/RT-334/V350241530_L04_B5GPELdwifRAAFA-592_1.fq.gz	pelobates_genomes/RT-334/V350241530_L04_B5GPELdwifRAAFA-592_2.fq.gz	1136735.193	1158775.978
RT-336	1	lib1	DNBSEQ	V350224466	L03	RT-336	RT-336_V350224466_L03	pelobates_genomes/RT-336/V350224466_L03_B5GPELdwifRABUA-531_1.fq.gz	pelobates_genomes/RT-336/V350224466_L03_B5GPELdwifRABUA-531_2.fq.gz	2665397.741	2690801.502
RT-336	2	lib1	DNBSEQ	V350224466	L04	RT-336	RT-336_V350224466_L04	pelobates_genomes/RT-336/V350224466_L04_B5GPELdwifRABUA-531_1.fq.gz	pelobates_genomes/RT-336/V350224466_L04_B5GPELdwifRABUA-531_2.fq.gz	2687993.773	2712098.343
RT-338	1	lib1	DNBSEQ	V350224466	L03	RT-338	RT-338_V350224466_L03	pelobates_genomes/RT-338/V350224466_L03_B5GPELdwifRABEA-515_1.fq.gz	pelobates_genomes/RT-338/V350224466_L03_B5GPELdwifRABEA-515_2.fq.gz	1996217.159	2034970.74
RT-338	2	lib1	DNBSEQ	V350224466	L04	RT-338	RT-338_V350224466_L04	pelobates_genomes/RT-338/V350224466_L04_B5GPELdwifRABEA-515_1.fq.gz	pelobates_genomes/RT-338/V350224466_L04_B5GPELdwifRABEA-515_2.fq.gz	2013786.393	2053955.706
RT-338	3	lib1	DNBSEQ	V350241530	L04	RT-338	RT-338_V350241530_L04	pelobates_genomes/RT-338/V350241530_L04_B5GPELdwifRABEA-515_1.fq.gz	pelobates_genomes/RT-338/V350241530_L04_B5GPELdwifRABEA-515_2.fq.gz	1099383.823	1110098.492
RT-340	1	lib1	DNBSEQ	V350224566	L03	RT-340	RT-340_V350224566_L03	pelobates_genomes/RT-340/V350224566_L03_B5GPELdwifRABCA-513_1.fq.gz	pelobates_genomes/RT-340/V350224566_L03_B5GPELdwifRABCA-513_2.fq.gz	2601654.682	2610706.42
RT-340	2	lib1	DNBSEQ	V350224566	L04	RT-340	RT-340_V350224566_L04	pelobates_genomes/RT-340/V350224566_L04_B5GPELdwifRABCA-513_1.fq.gz	pelobates_genomes/RT-340/V350224566_L04_B5GPELdwifRABCA-513_2.fq.gz	2596502.477	2603295.766
RT-354B	1	lib3	DNBSEQ	V350357015	L04	RT-354B	RT-354B_V350357015_L04	pelobates_genomes/RT-354B/V350357015_L04_B5GPELpqkuRAAAA-8224_1.fq.gz	pelobates_genomes/RT-354B/V350357015_L04_B5GPELpqkuRAAAA-8224_2.fq.gz	5343238.686	5305891.421
RT-355	1	lib2	DNBSEQ	V350331306	L03	RT-355	RT-355_V350331306_L03	pelobates_genomes/RT-355/V350331306_L03_B5GPELpgvhRABRA-8321_1.fq.gz	pelobates_genomes/RT-355/V350331306_L03_B5GPELpgvhRABRA-8321_2.fq.gz	2564308.675	2523726.291
RT-355	2	lib2	DNBSEQ	V350331306	L04	RT-355	RT-355_V350331306_L04	pelobates_genomes/RT-355/V350331306_L04_B5GPELpgvhRABRA-8321_1.fq.gz	pelobates_genomes/RT-355/V350331306_L04_B5GPELpgvhRABRA-8321_2.fq.gz	2544132.134	2474745.198
RT-357	1	lib1	DNBSEQ	V350224466	L03	RT-357	RT-357_V350224466_L03	pelobates_genomes/RT-357/V350224466_L03_B5GPELdwifRABFA-516_1.fq.gz	pelobates_genomes/RT-357/V350224466_L03_B5GPELdwifRABFA-516_2.fq.gz	2532438.465	2571672.831
RT-357	2	lib1	DNBSEQ	V350224466	L04	RT-357	RT-357_V350224466_L04	pelobates_genomes/RT-357/V350224466_L04_B5GPELdwifRABFA-516_1.fq.gz	pelobates_genomes/RT-357/V350224466_L04_B5GPELdwifRABFA-516_2.fq.gz	2551242.672	2593886.924
RT-400	1	lib3	DNBSEQ	V350357015	L04	RT-400	RT-400_V350357015_L04	pelobates_genomes/RT-400/V350357015_L04_B5GPELpqkuRAABA-8225_1.fq.gz	pelobates_genomes/RT-400/V350357015_L04_B5GPELpqkuRAABA-8225_2.fq.gz	5340000.558	5360558.137
RT-403	1	lib2	DNBSEQ	V350331313	L02	RT-403	RT-403_V350331313_L02	pelobates_genomes/RT-403/V350331313_L02_B5GPELpgvhRAADA-8273_1.fq.gz	pelobates_genomes/RT-403/V350331313_L02_B5GPELpgvhRAADA-8273_2.fq.gz	2627661.114	2630089.957
RT-403	2	lib2	DNBSEQ	V350331313	L03	RT-403	RT-403_V350331313_L03	pelobates_genomes/RT-403/V350331313_L03_B5GPELpgvhRAADA-8273_1.fq.gz	pelobates_genomes/RT-403/V350331313_L03_B5GPELpgvhRAADA-8273_2.fq.gz	2588935.798	2597369.931
RT-414B	1	lib3	DNBSEQ	V350358288	L03	RT-414B	RT-414B_V350358288_L03	pelobates_genomes/RT-414B/V350358288_L03_B5GPELpqkuRAARA-8245_1.fq.gz	pelobates_genomes/RT-414B/V350358288_L03_B5GPELpqkuRAARA-8245_2.fq.gz	2721534.473	2752195.002
RT-414B	2	lib3	DNBSEQ	V350358288	L04	RT-414B	RT-414B_V350358288_L04	pelobates_genomes/RT-414B/V350358288_L04_B5GPELpqkuRAARA-8245_1.fq.gz	pelobates_genomes/RT-414B/V350358288_L04_B5GPELpqkuRAARA-8245_2.fq.gz	2671796.125	2683971
RT-417	1	lib2	DNBSEQ	V350331306	L01	RT-417	RT-417_V350331306_L01	pelobates_genomes/RT-417/V350331306_L01_B5GPELpgvhRAARA-8290_1.fq.gz	pelobates_genomes/RT-417/V350331306_L01_B5GPELpgvhRAARA-8290_2.fq.gz	2639283.497	2641311.927
RT-417	2	lib2	DNBSEQ	V350331306	L02	RT-417	RT-417_V350331306_L02	pelobates_genomes/RT-417/V350331306_L02_B5GPELpgvhRAARA-8290_1.fq.gz	pelobates_genomes/RT-417/V350331306_L02_B5GPELpgvhRAARA-8290_2.fq.gz	2636208.277	2595936.348
RT-418	1	lib2	DNBSEQ	V350331306	L01	RT-418	RT-418_V350331306_L01	pelobates_genomes/RT-418/V350331306_L01_B5GPELpgvhRABDA-8304_1.fq.gz	pelobates_genomes/RT-418/V350331306_L01_B5GPELpgvhRABDA-8304_2.fq.gz	2664200.756	2654347.044
RT-418	2	lib2	DNBSEQ	V350331306	L02	RT-418	RT-418_V350331306_L02	pelobates_genomes/RT-418/V350331306_L02_B5GPELpgvhRABDA-8304_1.fq.gz	pelobates_genomes/RT-418/V350331306_L02_B5GPELpgvhRABDA-8304_2.fq.gz	2600136.621	2554859.723
RT-420	1	lib2	DNBSEQ	V350331313	L02	RT-420	RT-420_V350331313_L02	pelobates_genomes/RT-420/V350331313_L02_B5GPELpgvhRAAJA-8280_1.fq.gz	pelobates_genomes/RT-420/V350331313_L02_B5GPELpgvhRAAJA-8280_2.fq.gz	2616182.803	2620007.421
RT-420	2	lib2	DNBSEQ	V350331313	L03	RT-420	RT-420_V350331313_L03	pelobates_genomes/RT-420/V350331313_L03_B5GPELpgvhRAAJA-8280_1.fq.gz	pelobates_genomes/RT-420/V350331313_L03_B5GPELpgvhRAAJA-8280_2.fq.gz	2578101.382	2586705.258
RT-421	1	lib2	DNBSEQ	V350331313	L02	RT-421	RT-421_V350331313_L02	pelobates_genomes/RT-421/V350331313_L02_B5GPELpgvhRAAGA-8277_1.fq.gz	pelobates_genomes/RT-421/V350331313_L02_B5GPELpgvhRAAGA-8277_2.fq.gz	2610886.417	2639559.35
RT-421	2	lib2	DNBSEQ	V350331313	L03	RT-421	RT-421_V350331313_L03	pelobates_genomes/RT-421/V350331313_L03_B5GPELpgvhRAAGA-8277_1.fq.gz	pelobates_genomes/RT-421/V350331313_L03_B5GPELpgvhRAAGA-8277_2.fq.gz	2607632.5	2645099.89
RT-422	1	lib2	DNBSEQ	V350331313	L02	RT-422	RT-422_V350331313_L02	pelobates_genomes/RT-422/V350331313_L02_B5GPELpgvhRAAEA-8274_1.fq.gz	pelobates_genomes/RT-422/V350331313_L02_B5GPELpgvhRAAEA-8274_2.fq.gz	2620773.843	2613528.793
RT-422	2	lib2	DNBSEQ	V350331313	L03	RT-422	RT-422_V350331313_L03	pelobates_genomes/RT-422/V350331313_L03_B5GPELpgvhRAAEA-8274_1.fq.gz	pelobates_genomes/RT-422/V350331313_L03_B5GPELpgvhRAAEA-8274_2.fq.gz	2573207.538	2588438.351
RT-423	1	lib2	DNBSEQ	V350331306	L01	RT-423	RT-423_V350331306_L01	pelobates_genomes/RT-423/V350331306_L01_B5GPELpgvhRABGA-8308_1.fq.gz	pelobates_genomes/RT-423/V350331306_L01_B5GPELpgvhRABGA-8308_2.fq.gz	2674786.346	2675161.333
RT-423	2	lib2	DNBSEQ	V350331306	L02	RT-423	RT-423_V350331306_L02	pelobates_genomes/RT-423/V350331306_L02_B5GPELpgvhRABGA-8308_1.fq.gz	pelobates_genomes/RT-423/V350331306_L02_B5GPELpgvhRABGA-8308_2.fq.gz	2610064.953	2572775.419
RT-431	1	lib3	DNBSEQ	V350358288	L03	RT-431	RT-431_V350358288_L03	pelobates_genomes/RT-431/V350358288_L03_B5GPELpqkuRAAQA-8244_1.fq.gz	pelobates_genomes/RT-431/V350358288_L03_B5GPELpqkuRAAQA-8244_2.fq.gz	2697478.571	2721241.814
RT-431	2	lib3	DNBSEQ	V350358288	L04	RT-431	RT-431_V350358288_L04	pelobates_genomes/RT-431/V350358288_L04_B5GPELpqkuRAAQA-8244_1.fq.gz	pelobates_genomes/RT-431/V350358288_L04_B5GPELpqkuRAAQA-8244_2.fq.gz	2677799.182	2684367.571
RT-439	1	lib2	DNBSEQ	V350331313	L02	RT-439	RT-439_V350331313_L02	pelobates_genomes/RT-439/V350331313_L02_B5GPELpgvhRAAFA-8276_1.fq.gz	pelobates_genomes/RT-439/V350331313_L02_B5GPELpgvhRAAFA-8276_2.fq.gz	2623026.698	2626239.143
RT-439	2	lib2	DNBSEQ	V350331313	L03	RT-439	RT-439_V350331313_L03	pelobates_genomes/RT-439/V350331313_L03_B5GPELpgvhRAAFA-8276_1.fq.gz	pelobates_genomes/RT-439/V350331313_L03_B5GPELpgvhRAAFA-8276_2.fq.gz	2585591.732	2594324.639
RT-442	1	lib3	DNBSEQ	V350358288	L03	RT-442	RT-442_V350358288_L03	pelobates_genomes/RT-442/V350358288_L03_B5GPELpqkuRAAVA-8251_1.fq.gz	pelobates_genomes/RT-442/V350358288_L03_B5GPELpqkuRAAVA-8251_2.fq.gz	2669267.229	2676292.432
RT-442	2	lib3	DNBSEQ	V350358288	L04	RT-442	RT-442_V350358288_L04	pelobates_genomes/RT-442/V350358288_L04_B5GPELpqkuRAAVA-8251_1.fq.gz	pelobates_genomes/RT-442/V350358288_L04_B5GPELpqkuRAAVA-8251_2.fq.gz	2646087.837	2635091.474
RT-456	1	lib3	DNBSEQ	V350358288	L03	RT-456	RT-456_V350358288_L03	pelobates_genomes/RT-456/V350358288_L03_B5GPELpqkuRAAEA-8228_1.fq.gz	pelobates_genomes/RT-456/V350358288_L03_B5GPELpqkuRAAEA-8228_2.fq.gz	2327369.551	2330477.649
RT-456	2	lib3	DNBSEQ	V350358288	L04	RT-456	RT-456_V350358288_L04	pelobates_genomes/RT-456/V350358288_L04_B5GPELpqkuRAAEA-8228_1.fq.gz	pelobates_genomes/RT-456/V350358288_L04_B5GPELpqkuRAAEA-8228_2.fq.gz	2306335.525	2295149.418
RT-457	1	lib3	DNBSEQ	V350358288	L03	RT-457	RT-457_V350358288_L03	pelobates_genomes/RT-457/V350358288_L03_B5GPELpqkuRAAWA-8252_1.fq.gz	pelobates_genomes/RT-457/V350358288_L03_B5GPELpqkuRAAWA-8252_2.fq.gz	2675062.487	2680254.788
RT-457	2	lib3	DNBSEQ	V350358288	L04	RT-457	RT-457_V350358288_L04	pelobates_genomes/RT-457/V350358288_L04_B5GPELpqkuRAAWA-8252_1.fq.gz	pelobates_genomes/RT-457/V350358288_L04_B5GPELpqkuRAAWA-8252_2.fq.gz	2676857.957	2664382.278
RT-458	1	lib2	DNBSEQ	V350331306	L01	RT-458	RT-458_V350331306_L01	pelobates_genomes/RT-458/V350331306_L01_B5GPELpgvhRAAZA-8299_1.fq.gz	pelobates_genomes/RT-458/V350331306_L01_B5GPELpgvhRAAZA-8299_2.fq.gz	2687644.781	2682854.548
RT-458	2	lib2	DNBSEQ	V350331306	L02	RT-458	RT-458_V350331306_L02	pelobates_genomes/RT-458/V350331306_L02_B5GPELpgvhRAAZA-8299_1.fq.gz	pelobates_genomes/RT-458/V350331306_L02_B5GPELpgvhRAAZA-8299_2.fq.gz	2588739.794	2553010.063
RT-459	1	lib3	DNBSEQ	V350358288	L03	RT-459	RT-459_V350358288_L03	pelobates_genomes/RT-459/V350358288_L03_B5GPELpqkuRAAPA-8243_1.fq.gz	pelobates_genomes/RT-459/V350358288_L03_B5GPELpqkuRAAPA-8243_2.fq.gz	2675745.753	2694645.845
RT-459	2	lib3	DNBSEQ	V350358288	L04	RT-459	RT-459_V350358288_L04	pelobates_genomes/RT-459/V350358288_L04_B5GPELpqkuRAAPA-8243_1.fq.gz	pelobates_genomes/RT-459/V350358288_L04_B5GPELpqkuRAAPA-8243_2.fq.gz	2677973.146	2678219.629
RT-464	1	lib3	DNBSEQ	V350334761	L01	RT-464	RT-464_V350334761_L01	pelobates_genomes/RT-464/V350334761_L01_B5GPELpqkuRAAXA-8253_1.fq.gz	pelobates_genomes/RT-464/V350334761_L01_B5GPELpqkuRAAXA-8253_2.fq.gz	5342987.967	5265427.486
RT-465	1	lib2	DNBSEQ	V350331306	L01	RT-465	RT-465_V350331306_L01	pelobates_genomes/RT-465/V350331306_L01_B5GPELpgvhRABCA-8302_1.fq.gz	pelobates_genomes/RT-465/V350331306_L01_B5GPELpgvhRABCA-8302_2.fq.gz	2644150.859	2667064.845
RT-465	2	lib2	DNBSEQ	V350331306	L02	RT-465	RT-465_V350331306_L02	pelobates_genomes/RT-465/V350331306_L02_B5GPELpgvhRABCA-8302_1.fq.gz	pelobates_genomes/RT-465/V350331306_L02_B5GPELpgvhRABCA-8302_2.fq.gz	2645211.381	2631675.713
RT-467B	1	lib3	DNBSEQ	V350358288	L03	RT-467B	RT-467B_V350358288_L03	pelobates_genomes/RT-467B/V350358288_L03_B5GPELpqkuRAAFA-8229_1.fq.gz	pelobates_genomes/RT-467B/V350358288_L03_B5GPELpqkuRAAFA-8229_2.fq.gz	2664227.013	2682248.078
RT-467B	2	lib3	DNBSEQ	V350358288	L04	RT-467B	RT-467B_V350358288_L04	pelobates_genomes/RT-467B/V350358288_L04_B5GPELpqkuRAAFA-8229_1.fq.gz	pelobates_genomes/RT-467B/V350358288_L04_B5GPELpqkuRAAFA-8229_2.fq.gz	2692311.621	2690003.733
RT-468	1	lib2	DNBSEQ	V350331313	L02	RT-468	RT-468_V350331313_L02	pelobates_genomes/RT-468/V350331313_L02_B5GPELpgvhRAACA-8272_1.fq.gz	pelobates_genomes/RT-468/V350331313_L02_B5GPELpgvhRAACA-8272_2.fq.gz	2603646.754	2554623.242
RT-468	2	lib2	DNBSEQ	V350331313	L03	RT-468	RT-468_V350331313_L03	pelobates_genomes/RT-468/V350331313_L03_B5GPELpgvhRAACA-8272_1.fq.gz	pelobates_genomes/RT-468/V350331313_L03_B5GPELpgvhRAACA-8272_2.fq.gz	2557158.202	2521556.691
RT-474	1	lib3	DNBSEQ	V350358288	L03	RT-474	RT-474_V350358288_L03	pelobates_genomes/RT-474/V350358288_L03_B5GPELpqkuRAAKA-8235_1.fq.gz	pelobates_genomes/RT-474/V350358288_L03_B5GPELpqkuRAAKA-8235_2.fq.gz	1727169.703	1733040.928
RT-474	2	lib3	DNBSEQ	V350358288	L04	RT-474	RT-474_V350358288_L04	pelobates_genomes/RT-474/V350358288_L04_B5GPELpqkuRAAKA-8235_1.fq.gz	pelobates_genomes/RT-474/V350358288_L04_B5GPELpqkuRAAKA-8235_2.fq.gz	1745554.659	1740396.683
RT-479	1	lib2	DNBSEQ	V350331313	L02	RT-479	RT-479_V350331313_L02	pelobates_genomes/RT-479/V350331313_L02_B5GPELpgvhRAABA-8271_1.fq.gz	pelobates_genomes/RT-479/V350331313_L02_B5GPELpgvhRAABA-8271_2.fq.gz	2611483.72	2610945.583
RT-479	2	lib2	DNBSEQ	V350331313	L03	RT-479	RT-479_V350331313_L03	pelobates_genomes/RT-479/V350331313_L03_B5GPELpgvhRAABA-8271_1.fq.gz	pelobates_genomes/RT-479/V350331313_L03_B5GPELpgvhRAABA-8271_2.fq.gz	2585170.952	2586635.309
RT-481	1	lib3	DNBSEQ	V350334761	L01	RT-481	RT-481_V350334761_L01	pelobates_genomes/RT-481/V350334761_L01_B5GPELpqkuRAAYA-8254_1.fq.gz	pelobates_genomes/RT-481/V350334761_L01_B5GPELpqkuRAAYA-8254_2.fq.gz	5354001.472	5311647.351
RT-485	1	lib3	DNBSEQ	V350357015	L04	RT-485	RT-485_V350357015_L04	pelobates_genomes/RT-485/V350357015_L04_B5GPELpqkuRAACA-8226_1.fq.gz	pelobates_genomes/RT-485/V350357015_L04_B5GPELpqkuRAACA-8226_2.fq.gz	4452753.148	4475950.238
RT-487	1	lib2	DNBSEQ	V350331306	L01	RT-487	RT-487_V350331306_L01	pelobates_genomes/RT-487/V350331306_L01_B5GPELpgvhRABHA-8309_1.fq.gz	pelobates_genomes/RT-487/V350331306_L01_B5GPELpgvhRABHA-8309_2.fq.gz	2667801.168	2681230.915
RT-487	2	lib2	DNBSEQ	V350331306	L02	RT-487	RT-487_V350331306_L02	pelobates_genomes/RT-487/V350331306_L02_B5GPELpgvhRABHA-8309_1.fq.gz	pelobates_genomes/RT-487/V350331306_L02_B5GPELpgvhRABHA-8309_2.fq.gz	2603440.603	2577861.924
RT-490	1	lib2	DNBSEQ	V350331306	L01	RT-490	RT-490_V350331306_L01	pelobates_genomes/RT-490/V350331306_L01_B5GPELpgvhRABEA-8305_1.fq.gz	pelobates_genomes/RT-490/V350331306_L01_B5GPELpgvhRABEA-8305_2.fq.gz	2661813.805	2645382.346
RT-490	2	lib2	DNBSEQ	V350331306	L02	RT-490	RT-490_V350331306_L02	pelobates_genomes/RT-490/V350331306_L02_B5GPELpgvhRABEA-8305_1.fq.gz	pelobates_genomes/RT-490/V350331306_L02_B5GPELpgvhRABEA-8305_2.fq.gz	2576467.431	2521964.459
RT-496	1	lib3	DNBSEQ	V350334761	L01	RT-496	RT-496_V350334761_L01	pelobates_genomes/RT-496/V350334761_L01_B5GPELpqkuRABAA-8256_1.fq.gz	pelobates_genomes/RT-496/V350334761_L01_B5GPELpqkuRABAA-8256_2.fq.gz	5357729.798	5281338.259
RT-506	1	lib3	DNBSEQ	V350358288	L03	RT-506	RT-506_V350358288_L03	pelobates_genomes/RT-506/V350358288_L03_B5GPELpqkuRAAIA-8233_1.fq.gz	pelobates_genomes/RT-506/V350358288_L03_B5GPELpqkuRAAIA-8233_2.fq.gz	2658216.646	2653773.972
RT-506	2	lib3	DNBSEQ	V350358288	L04	RT-506	RT-506_V350358288_L04	pelobates_genomes/RT-506/V350358288_L04_B5GPELpqkuRAAIA-8233_1.fq.gz	pelobates_genomes/RT-506/V350358288_L04_B5GPELpqkuRAAIA-8233_2.fq.gz	2710402.572	2686122.113
RT-507	1	lib2	DNBSEQ	V350331306	L01	RT-507	RT-507_V350331306_L01	pelobates_genomes/RT-507/V350331306_L01_B5GPELpgvhRAAWA-8295_1.fq.gz	pelobates_genomes/RT-507/V350331306_L01_B5GPELpgvhRAAWA-8295_2.fq.gz	2693979.195	2694444.34
RT-507	2	lib2	DNBSEQ	V350331306	L02	RT-507	RT-507_V350331306_L02	pelobates_genomes/RT-507/V350331306_L02_B5GPELpgvhRAAWA-8295_1.fq.gz	pelobates_genomes/RT-507/V350331306_L02_B5GPELpgvhRAAWA-8295_2.fq.gz	2591293.176	2551739.82
RT-51	1	lib1	DNBSEQ	V350224566	L03	RT-51	RT-51_V350224566_L03	pelobates_genomes/RT-51/V350224566_L03_B5GPELdwifRAAUA-505_1.fq.gz	pelobates_genomes/RT-51/V350224566_L03_B5GPELdwifRAAUA-505_2.fq.gz	2549492.305	2529865.318
RT-51	2	lib1	DNBSEQ	V350224566	L04	RT-51	RT-51_V350224566_L04	pelobates_genomes/RT-51/V350224566_L04_B5GPELdwifRAAUA-505_1.fq.gz	pelobates_genomes/RT-51/V350224566_L04_B5GPELdwifRAAUA-505_2.fq.gz	2647681.529	2626751.213
RT-510	1	lib3	DNBSEQ	V350358288	L03	RT-510	RT-510_V350358288_L03	pelobates_genomes/RT-510/V350358288_L03_B5GPELpqkuRAASA-8246_1.fq.gz	pelobates_genomes/RT-510/V350358288_L03_B5GPELpqkuRAASA-8246_2.fq.gz	1253288.263	1257715.343
RT-510	2	lib3	DNBSEQ	V350358288	L04	RT-510	RT-510_V350358288_L04	pelobates_genomes/RT-510/V350358288_L04_B5GPELpqkuRAASA-8246_1.fq.gz	pelobates_genomes/RT-510/V350358288_L04_B5GPELpqkuRAASA-8246_2.fq.gz	1247046.018	1243210.578
RT-513	1	lib2	DNBSEQ	V350331306	L01	RT-513	RT-513_V350331306_L01	pelobates_genomes/RT-513/V350331306_L01_B5GPELpgvhRABFA-8306_1.fq.gz	pelobates_genomes/RT-513/V350331306_L01_B5GPELpgvhRABFA-8306_2.fq.gz	2676769.144	2671493.74
RT-513	2	lib2	DNBSEQ	V350331306	L02	RT-513	RT-513_V350331306_L02	pelobates_genomes/RT-513/V350331306_L02_B5GPELpgvhRABFA-8306_1.fq.gz	pelobates_genomes/RT-513/V350331306_L02_B5GPELpgvhRABFA-8306_2.fq.gz	2613927.693	2568445.155
RT-521	1	lib2	DNBSEQ	V350331313	L02	RT-521	RT-521_V350331313_L02	pelobates_genomes/RT-521/V350331313_L02_B5GPELpgvhRAAPA-8288_1.fq.gz	pelobates_genomes/RT-521/V350331313_L02_B5GPELpgvhRAAPA-8288_2.fq.gz	2609245.033	2620098.887
RT-521	2	lib2	DNBSEQ	V350331313	L03	RT-521	RT-521_V350331313_L03	pelobates_genomes/RT-521/V350331313_L03_B5GPELpgvhRAAPA-8288_1.fq.gz	pelobates_genomes/RT-521/V350331313_L03_B5GPELpgvhRAAPA-8288_2.fq.gz	2571393.264	2586547.036
RT-533	1	lib3	DNBSEQ	V350358288	L03	RT-533	RT-533_V350358288_L03	pelobates_genomes/RT-533/V350358288_L03_B5GPELpqkuRAAMA-8240_1.fq.gz	pelobates_genomes/RT-533/V350358288_L03_B5GPELpqkuRAAMA-8240_2.fq.gz	2686709.372	2682433.232
RT-533	2	lib3	DNBSEQ	V350358288	L04	RT-533	RT-533_V350358288_L04	pelobates_genomes/RT-533/V350358288_L04_B5GPELpqkuRAAMA-8240_1.fq.gz	pelobates_genomes/RT-533/V350358288_L04_B5GPELpqkuRAAMA-8240_2.fq.gz	2666533.826	2644489.317
RT-536	1	lib2	DNBSEQ	V350331313	L02	RT-536	RT-536_V350331313_L02	pelobates_genomes/RT-536/V350331313_L02_B5GPELpgvhRAAIA-8279_1.fq.gz	pelobates_genomes/RT-536/V350331313_L02_B5GPELpgvhRAAIA-8279_2.fq.gz	2609443.69	2613608.341
RT-536	2	lib2	DNBSEQ	V350331313	L03	RT-536	RT-536_V350331313_L03	pelobates_genomes/RT-536/V350331313_L03_B5GPELpgvhRAAIA-8279_1.fq.gz	pelobates_genomes/RT-536/V350331313_L03_B5GPELpgvhRAAIA-8279_2.fq.gz	2572488.731	2580868.734
RT-538	1	lib3	DNBSEQ	V350358288	L03	RT-538	RT-538_V350358288_L03	pelobates_genomes/RT-538/V350358288_L03_B5GPELpqkuRAANA-8241_1.fq.gz	pelobates_genomes/RT-538/V350358288_L03_B5GPELpqkuRAANA-8241_2.fq.gz	2692550.612	2705825.447
RT-538	2	lib3	DNBSEQ	V350358288	L04	RT-538	RT-538_V350358288_L04	pelobates_genomes/RT-538/V350358288_L04_B5GPELpqkuRAANA-8241_1.fq.gz	pelobates_genomes/RT-538/V350358288_L04_B5GPELpqkuRAANA-8241_2.fq.gz	2649160.936	2643930.059
RT-539	1	lib3	DNBSEQ	V350334761	L01	RT-539	RT-539_V350334761_L01	pelobates_genomes/RT-539/V350334761_L01_B5GPELpqkuRAAZA-8255_1.fq.gz	pelobates_genomes/RT-539/V350334761_L01_B5GPELpqkuRAAZA-8255_2.fq.gz	5380060.83	5244475.716
RT-541	1	lib2	DNBSEQ	V350331313	L02	RT-541	RT-541_V350331313_L02	pelobates_genomes/RT-541/V350331313_L02_B5GPELpgvhRAAMA-8284_1.fq.gz	pelobates_genomes/RT-541/V350331313_L02_B5GPELpgvhRAAMA-8284_2.fq.gz	2400707.561	2422811.142
RT-541	2	lib2	DNBSEQ	V350331313	L03	RT-541	RT-541_V350331313_L03	pelobates_genomes/RT-541/V350331313_L03_B5GPELpgvhRAAMA-8284_1.fq.gz	pelobates_genomes/RT-541/V350331313_L03_B5GPELpgvhRAAMA-8284_2.fq.gz	2404267.224	2426042.935
RT-553	1	lib2	DNBSEQ	V350331306	L03	RT-553	RT-553_V350331306_L03	pelobates_genomes/RT-553/V350331306_L03_B5GPELpgvhRABKA-8314_1.fq.gz	pelobates_genomes/RT-553/V350331306_L03_B5GPELpgvhRABKA-8314_2.fq.gz	2634117.239	2636480.843
RT-553	2	lib2	DNBSEQ	V350331306	L04	RT-553	RT-553_V350331306_L04	pelobates_genomes/RT-553/V350331306_L04_B5GPELpgvhRABKA-8314_1.fq.gz	pelobates_genomes/RT-553/V350331306_L04_B5GPELpgvhRABKA-8314_2.fq.gz	2596116.478	2560966.747
RT-555	1	lib2	DNBSEQ	V350331306	L01	RT-555	RT-555_V350331306_L01	pelobates_genomes/RT-555/V350331306_L01_B5GPELpgvhRABBA-8301_1.fq.gz	pelobates_genomes/RT-555/V350331306_L01_B5GPELpgvhRABBA-8301_2.fq.gz	2609130.13	2621598.662
RT-555	2	lib2	DNBSEQ	V350331306	L02	RT-555	RT-555_V350331306_L02	pelobates_genomes/RT-555/V350331306_L02_B5GPELpgvhRABBA-8301_1.fq.gz	pelobates_genomes/RT-555/V350331306_L02_B5GPELpgvhRABBA-8301_2.fq.gz	2666009.126	2637117.972
RT-557	1	lib2	DNBSEQ	V350331313	L02	RT-557	RT-557_V350331313_L02	pelobates_genomes/RT-557/V350331313_L02_B5GPELpgvhRAAAA-8270_1.fq.gz	pelobates_genomes/RT-557/V350331313_L02_B5GPELpgvhRAAAA-8270_2.fq.gz	2604921.684	2619443.105
RT-557	2	lib2	DNBSEQ	V350331313	L03	RT-557	RT-557_V350331313_L03	pelobates_genomes/RT-557/V350331313_L03_B5GPELpgvhRAAAA-8270_1.fq.gz	pelobates_genomes/RT-557/V350331313_L03_B5GPELpgvhRAAAA-8270_2.fq.gz	2589351.36	2609236.121
RT-559	1	lib2	DNBSEQ	V350331306	L03	RT-559	RT-559_V350331306_L03	pelobates_genomes/RT-559/V350331306_L03_B5GPELpgvhRABQA-8320_1.fq.gz	pelobates_genomes/RT-559/V350331306_L03_B5GPELpgvhRABQA-8320_2.fq.gz	2674285.19	2672970.763
RT-559	2	lib2	DNBSEQ	V350331306	L04	RT-559	RT-559_V350331306_L04	pelobates_genomes/RT-559/V350331306_L04_B5GPELpgvhRABQA-8320_1.fq.gz	pelobates_genomes/RT-559/V350331306_L04_B5GPELpgvhRABQA-8320_2.fq.gz	2570352.5	2529822.435
RT-561	1	lib2	DNBSEQ	V350331306	L01	RT-561	RT-561_V350331306_L01	pelobates_genomes/RT-561/V350331306_L01_B5GPELpgvhRAATA-8292_1.fq.gz	pelobates_genomes/RT-561/V350331306_L01_B5GPELpgvhRAATA-8292_2.fq.gz	2678554.913	2681741.927
RT-561	2	lib2	DNBSEQ	V350331306	L02	RT-561	RT-561_V350331306_L02	pelobates_genomes/RT-561/V350331306_L02_B5GPELpgvhRAATA-8292_1.fq.gz	pelobates_genomes/RT-561/V350331306_L02_B5GPELpgvhRAATA-8292_2.fq.gz	2591358.719	2554760.678
RT-563	1	lib2	DNBSEQ	V350331306	L01	RT-563	RT-563_V350331306_L01	pelobates_genomes/RT-563/V350331306_L01_B5GPELpgvhRAAXA-8297_1.fq.gz	pelobates_genomes/RT-563/V350331306_L01_B5GPELpgvhRAAXA-8297_2.fq.gz	2599101.849	2582554.989
RT-563	2	lib2	DNBSEQ	V350331306	L02	RT-563	RT-563_V350331306_L02	pelobates_genomes/RT-563/V350331306_L02_B5GPELpgvhRAAXA-8297_1.fq.gz	pelobates_genomes/RT-563/V350331306_L02_B5GPELpgvhRAAXA-8297_2.fq.gz	2568163.669	2514214.813
RT-564	1	lib2	DNBSEQ	V350331306	L01	RT-564	RT-564_V350331306_L01	pelobates_genomes/RT-564/V350331306_L01_B5GPELpgvhRAAYA-8298_1.fq.gz	pelobates_genomes/RT-564/V350331306_L01_B5GPELpgvhRAAYA-8298_2.fq.gz	2636063.885	2641471.287
RT-564	2	lib2	DNBSEQ	V350331306	L02	RT-564	RT-564_V350331306_L02	pelobates_genomes/RT-564/V350331306_L02_B5GPELpgvhRAAYA-8298_1.fq.gz	pelobates_genomes/RT-564/V350331306_L02_B5GPELpgvhRAAYA-8298_2.fq.gz	2613701.097	2577100.975
RT-565	1	lib2	DNBSEQ	V350331306	L01	RT-565	RT-565_V350331306_L01	pelobates_genomes/RT-565/V350331306_L01_B5GPELpgvhRABIA-8310_1.fq.gz	pelobates_genomes/RT-565/V350331306_L01_B5GPELpgvhRABIA-8310_2.fq.gz	2649106.167	2653221.089
RT-565	2	lib2	DNBSEQ	V350331306	L02	RT-565	RT-565_V350331306_L02	pelobates_genomes/RT-565/V350331306_L02_B5GPELpgvhRABIA-8310_1.fq.gz	pelobates_genomes/RT-565/V350331306_L02_B5GPELpgvhRABIA-8310_2.fq.gz	2626594.983	2590263.433
RT-566	1	lib2	DNBSEQ	V350331313	L02	RT-566	RT-566_V350331313_L02	pelobates_genomes/RT-566/V350331313_L02_B5GPELpgvhRAAKA-8281_1.fq.gz	pelobates_genomes/RT-566/V350331313_L02_B5GPELpgvhRAAKA-8281_2.fq.gz	2631951.598	2626120.062
RT-566	2	lib2	DNBSEQ	V350331313	L03	RT-566	RT-566_V350331313_L03	pelobates_genomes/RT-566/V350331313_L03_B5GPELpgvhRAAKA-8281_1.fq.gz	pelobates_genomes/RT-566/V350331313_L03_B5GPELpgvhRAAKA-8281_2.fq.gz	2587077.065	2584968.901
RT-567	1	lib2	DNBSEQ	V350331313	L02	RT-567	RT-567_V350331313_L02	pelobates_genomes/RT-567/V350331313_L02_B5GPELpgvhRAAHA-8278_1.fq.gz	pelobates_genomes/RT-567/V350331313_L02_B5GPELpgvhRAAHA-8278_2.fq.gz	2623361.009	2622907.5
RT-567	2	lib2	DNBSEQ	V350331313	L03	RT-567	RT-567_V350331313_L03	pelobates_genomes/RT-567/V350331313_L03_B5GPELpgvhRAAHA-8278_1.fq.gz	pelobates_genomes/RT-567/V350331313_L03_B5GPELpgvhRAAHA-8278_2.fq.gz	2584763.363	2589315.35
RT-569	1	lib2	DNBSEQ	V350331313	L02	RT-569	RT-569_V350331313_L02	pelobates_genomes/RT-569/V350331313_L02_B5GPELpgvhRAAOA-8287_1.fq.gz	pelobates_genomes/RT-569/V350331313_L02_B5GPELpgvhRAAOA-8287_2.fq.gz	2622406.472	2629024.441
RT-569	2	lib2	DNBSEQ	V350331313	L03	RT-569	RT-569_V350331313_L03	pelobates_genomes/RT-569/V350331313_L03_B5GPELpgvhRAAOA-8287_1.fq.gz	pelobates_genomes/RT-569/V350331313_L03_B5GPELpgvhRAAOA-8287_2.fq.gz	2584789.566	2596632.673
RT-570	1	lib2	DNBSEQ	V350331306	L01	RT-570	RT-570_V350331306_L01	pelobates_genomes/RT-570/V350331306_L01_B5GPELpgvhRAAVA-8294_1.fq.gz	pelobates_genomes/RT-570/V350331306_L01_B5GPELpgvhRAAVA-8294_2.fq.gz	2622129.801	2634488.364
RT-570	2	lib2	DNBSEQ	V350331306	L02	RT-570	RT-570_V350331306_L02	pelobates_genomes/RT-570/V350331306_L02_B5GPELpgvhRAAVA-8294_1.fq.gz	pelobates_genomes/RT-570/V350331306_L02_B5GPELpgvhRAAVA-8294_2.fq.gz	2621244.699	2590690.247
RT-572	1	lib3	DNBSEQ	V350358288	L03	RT-572	RT-572_V350358288_L03	pelobates_genomes/RT-572/V350358288_L03_B5GPELpqkuRAAGA-8231_1.fq.gz	pelobates_genomes/RT-572/V350358288_L03_B5GPELpqkuRAAGA-8231_2.fq.gz	2700400.595	2709034.952
RT-572	2	lib3	DNBSEQ	V350358288	L04	RT-572	RT-572_V350358288_L04	pelobates_genomes/RT-572/V350358288_L04_B5GPELpqkuRAAGA-8231_1.fq.gz	pelobates_genomes/RT-572/V350358288_L04_B5GPELpqkuRAAGA-8231_2.fq.gz	2699477.785	2690533.948
RT-579	1	lib2	DNBSEQ	V350331306	L03	RT-579	RT-579_V350331306_L03	pelobates_genomes/RT-579/V350331306_L03_B5GPELpgvhRABPA-8319_1.fq.gz	pelobates_genomes/RT-579/V350331306_L03_B5GPELpgvhRABPA-8319_2.fq.gz	2667754.834	2670821.987
RT-579	2	lib2	DNBSEQ	V350331306	L04	RT-579	RT-579_V350331306_L04	pelobates_genomes/RT-579/V350331306_L04_B5GPELpgvhRABPA-8319_1.fq.gz	pelobates_genomes/RT-579/V350331306_L04_B5GPELpgvhRABPA-8319_2.fq.gz	2587525.618	2549580.365
RT-581	1	lib2	DNBSEQ	V350331313	L02	RT-581	RT-581_V350331313_L02	pelobates_genomes/RT-581/V350331313_L02_B5GPELpgvhRAAQA-8289_1.fq.gz	pelobates_genomes/RT-581/V350331313_L02_B5GPELpgvhRAAQA-8289_2.fq.gz	2599748.755	2616027.855
RT-581	2	lib2	DNBSEQ	V350331313	L03	RT-581	RT-581_V350331313_L03	pelobates_genomes/RT-581/V350331313_L03_B5GPELpgvhRAAQA-8289_1.fq.gz	pelobates_genomes/RT-581/V350331313_L03_B5GPELpgvhRAAQA-8289_2.fq.gz	2583065.013	2605133.983
RT-583	1	lib2	DNBSEQ	V350331306	L01	RT-583	RT-583_V350331306_L01	pelobates_genomes/RT-583/V350331306_L01_B5GPELpgvhRABAA-8300_1.fq.gz	pelobates_genomes/RT-583/V350331306_L01_B5GPELpgvhRABAA-8300_2.fq.gz	2640250.864	2626886.063
RT-583	2	lib2	DNBSEQ	V350331306	L02	RT-583	RT-583_V350331306_L02	pelobates_genomes/RT-583/V350331306_L02_B5GPELpgvhRABAA-8300_1.fq.gz	pelobates_genomes/RT-583/V350331306_L02_B5GPELpgvhRABAA-8300_2.fq.gz	2572465.674	2519387.423
RT-588	1	lib2	DNBSEQ	V350331313	L02	RT-588	RT-588_V350331313_L02	pelobates_genomes/RT-588/V350331313_L02_B5GPELpgvhRAALA-8282_1.fq.gz	pelobates_genomes/RT-588/V350331313_L02_B5GPELpgvhRAALA-8282_2.fq.gz	2627837.126	2635734.454
RT-588	2	lib2	DNBSEQ	V350331313	L03	RT-588	RT-588_V350331313_L03	pelobates_genomes/RT-588/V350331313_L03_B5GPELpgvhRAALA-8282_1.fq.gz	pelobates_genomes/RT-588/V350331313_L03_B5GPELpgvhRAALA-8282_2.fq.gz	2567659.382	2578965.651
RT-595	1	lib2	DNBSEQ	V350331306	L03	RT-595	RT-595_V350331306_L03	pelobates_genomes/RT-595/V350331306_L03_B5GPELpgvhRABOA-8318_1.fq.gz	pelobates_genomes/RT-595/V350331306_L03_B5GPELpgvhRABOA-8318_2.fq.gz	2643773.559	2653065.174
RT-595	2	lib2	DNBSEQ	V350331306	L04	RT-595	RT-595_V350331306_L04	pelobates_genomes/RT-595/V350331306_L04_B5GPELpgvhRABOA-8318_1.fq.gz	pelobates_genomes/RT-595/V350331306_L04_B5GPELpgvhRABOA-8318_2.fq.gz	2601034.9	2571150.986
RT-602	1	lib3	DNBSEQ	V350358288	L03	RT-602	RT-602_V350358288_L03	pelobates_genomes/RT-602/V350358288_L03_B5GPELpqkuRAATA-8247_1.fq.gz	pelobates_genomes/RT-602/V350358288_L03_B5GPELpqkuRAATA-8247_2.fq.gz	2676699.342	2693474.159
RT-602	2	lib3	DNBSEQ	V350358288	L04	RT-602	RT-602_V350358288_L04	pelobates_genomes/RT-602/V350358288_L04_B5GPELpqkuRAATA-8247_1.fq.gz	pelobates_genomes/RT-602/V350358288_L04_B5GPELpqkuRAATA-8247_2.fq.gz	2680873.743	2677632.387
RT-613	1	lib2	DNBSEQ	V350331306	L03	RT-613	RT-613_V350331306_L03	pelobates_genomes/RT-613/V350331306_L03_B5GPELpgvhRABLA-8315_1.fq.gz	pelobates_genomes/RT-613/V350331306_L03_B5GPELpgvhRABLA-8315_2.fq.gz	2628974.241	2639505.98
RT-613	2	lib2	DNBSEQ	V350331306	L04	RT-613	RT-613_V350331306_L04	pelobates_genomes/RT-613/V350331306_L04_B5GPELpgvhRABLA-8315_1.fq.gz	pelobates_genomes/RT-613/V350331306_L04_B5GPELpgvhRABLA-8315_2.fq.gz	2633710.865	2611047.979
RT-615	1	lib3	DNBSEQ	V350358288	L03	RT-615	RT-615_V350358288_L03	pelobates_genomes/RT-615/V350358288_L03_B5GPELpqkuRAALA-8237_1.fq.gz	pelobates_genomes/RT-615/V350358288_L03_B5GPELpqkuRAALA-8237_2.fq.gz	2697139.888	2705984.902
RT-615	2	lib3	DNBSEQ	V350358288	L04	RT-615	RT-615_V350358288_L04	pelobates_genomes/RT-615/V350358288_L04_B5GPELpqkuRAALA-8237_1.fq.gz	pelobates_genomes/RT-615/V350358288_L04_B5GPELpqkuRAALA-8237_2.fq.gz	2654188.136	2645249.392
RT-618	1	lib3	DNBSEQ	V350358288	L03	RT-618	RT-618_V350358288_L03	pelobates_genomes/RT-618/V350358288_L03_B5GPELpqkuRAAOA-8242_1.fq.gz	pelobates_genomes/RT-618/V350358288_L03_B5GPELpqkuRAAOA-8242_2.fq.gz	2669306.973	2659090.45
RT-618	2	lib3	DNBSEQ	V350358288	L04	RT-618	RT-618_V350358288_L04	pelobates_genomes/RT-618/V350358288_L04_B5GPELpqkuRAAOA-8242_1.fq.gz	pelobates_genomes/RT-618/V350358288_L04_B5GPELpqkuRAAOA-8242_2.fq.gz	2714529.564	2686869.901
RT-622	1	lib3	DNBSEQ	V350357015	L04	RT-622	RT-622_V350357015_L04	pelobates_genomes/RT-622/V350357015_L04_B5GPELpqkuRAADA-8227_1.fq.gz	pelobates_genomes/RT-622/V350357015_L04_B5GPELpqkuRAADA-8227_2.fq.gz	5340882.445	5357892.384
RT-626	1	lib3	DNBSEQ	V350358288	L03	RT-626	RT-626_V350358288_L03	pelobates_genomes/RT-626/V350358288_L03_B5GPELpqkuRAAHA-8232_1.fq.gz	pelobates_genomes/RT-626/V350358288_L03_B5GPELpqkuRAAHA-8232_2.fq.gz	2690669.364	2680184.254
RT-626	2	lib3	DNBSEQ	V350358288	L04	RT-626	RT-626_V350358288_L04	pelobates_genomes/RT-626/V350358288_L04_B5GPELpqkuRAAHA-8232_1.fq.gz	pelobates_genomes/RT-626/V350358288_L04_B5GPELpqkuRAAHA-8232_2.fq.gz	2697392.064	2666498.486
RT-630	1	lib2	DNBSEQ	V350331306	L01	RT-630	RT-630_V350331306_L01	pelobates_genomes/RT-630/V350331306_L01_B5GPELpgvhRAASA-8291_1.fq.gz	pelobates_genomes/RT-630/V350331306_L01_B5GPELpgvhRAASA-8291_2.fq.gz	2623116.684	2607931.953
RT-630	2	lib2	DNBSEQ	V350331306	L02	RT-630	RT-630_V350331306_L02	pelobates_genomes/RT-630/V350331306_L02_B5GPELpgvhRAASA-8291_1.fq.gz	pelobates_genomes/RT-630/V350331306_L02_B5GPELpgvhRAASA-8291_2.fq.gz	2589736.157	2531717.47
RT-633	1	lib2	DNBSEQ	V350331306	L03	RT-633	RT-633_V350331306_L03	pelobates_genomes/RT-633/V350331306_L03_B5GPELpgvhRABNA-8317_1.fq.gz	pelobates_genomes/RT-633/V350331306_L03_B5GPELpgvhRABNA-8317_2.fq.gz	2657068.581	2661981.934
RT-633	2	lib2	DNBSEQ	V350331306	L04	RT-633	RT-633_V350331306_L04	pelobates_genomes/RT-633/V350331306_L04_B5GPELpgvhRABNA-8317_1.fq.gz	pelobates_genomes/RT-633/V350331306_L04_B5GPELpgvhRABNA-8317_2.fq.gz	2574571.199	2539564.174
RT-634	1	lib2	DNBSEQ	V350331306	L03	RT-634	RT-634_V350331306_L03	pelobates_genomes/RT-634/V350331306_L03_B5GPELpgvhRABJA-8313_1.fq.gz	pelobates_genomes/RT-634/V350331306_L03_B5GPELpgvhRABJA-8313_2.fq.gz	2629255.253	2627416.18
RT-634	2	lib2	DNBSEQ	V350331306	L04	RT-634	RT-634_V350331306_L04	pelobates_genomes/RT-634/V350331306_L04_B5GPELpgvhRABJA-8313_1.fq.gz	pelobates_genomes/RT-634/V350331306_L04_B5GPELpgvhRABJA-8313_2.fq.gz	2612503.071	2573102.965
RT-8	1	lib1	DNBSEQ	V350217036	L04	RT-8	RT-8_V350217036_L04	pelobates_genomes/RT-8/V350217036_L04_B5GPELdwifRAACA-581_1.fq.gz	pelobates_genomes/RT-8/V350217036_L04_B5GPELdwifRAACA-581_2.fq.gz	5305415.439	5262513.391
